Wall time,Step,Value
1616933358.342628,18,0.0001914531458169222
1616933382.333549,42,0.0001555884664412588
1616933383.162294,45,0.00015240994980558753
1616933390.336173,71,0.00012695365876425058
1616933414.883346,94,0.00010842362098628655
1616933588.682494,155,7.150504825403914e-05
1616933589.622304,158,7.004066719673574e-05
1616933602.330092,167,6.595360900973901e-05
1616933668.575149,229,4.433707727002911e-05
1616933679.723466,234,4.2926632886519656e-05
1616933695.16511,255,3.7541303754551336e-05
1616933708.061859,267,3.48642970493529e-05
1616933709.900779,273,3.353559804963879e-05
1616933721.179512,308,2.809012949001044e-05
1616933731.672463,310,2.7728812710847706e-05
1616933743.990231,318,2.690137807803694e-05
1616933753.119204,347,2.4654464141349308e-05
1616933768.634259,367,2.3757631424814463e-05
1616933803.990752,421,2.2559624994755723e-05
1616933815.657855,460,2.2170119336806238e-05
1616933819.789694,474,2.2051874111639336e-05
1616933848.719463,536,2.1802703486173414e-05
1616933856.742046,563,2.16941989492625e-05
1616933861.568487,579,2.164558281947393e-05
1616933863.655508,586,2.1612415366689675e-05
1616933863.948314,587,2.158939969376661e-05
1616933873.963619,620,2.1560368622886017e-05
1616933878.122675,634,2.1440080672618933e-05
1616933881.970366,647,2.146491897292435e-05
1616933886.105171,661,2.141938057320658e-05
1616933889.090464,671,2.1358111553126946e-05
1616933911.728087,714,2.1163215933484025e-05
1616933914.174574,722,2.1287303752615117e-05
1616933916.565614,730,2.1249143173918128e-05
1616933945.668241,765,2.1194000510149635e-05
1616933947.15049,769,2.1046003894298337e-05
1616933947.874815,771,2.1193216525716707e-05
1616933952.224464,785,2.1020392523496412e-05
1616933952.895834,787,2.1153968191356398e-05
1616933955.061056,794,2.1074638425488956e-05
1616933957.660134,802,2.115123970725108e-05
1616933959.606249,808,2.107803084072657e-05
1616933968.446751,836,2.103139559039846e-05
1616934001.764969,945,2.068343928840477e-05
1616934009.922522,971,2.0800505808438174e-05
1616934010.237041,972,2.084417974401731e-05
1616934012.124407,978,2.0784953449037857e-05
1616934013.88335,984,2.078456054732669e-05
1616934019.318018,1002,2.0779627448064275e-05
1616934020.207532,1005,2.0875531845376827e-05
1616934022.890439,1014,2.0558798496495e-05
1616934037.808336,1063,2.0625997422030196e-05
1616934038.843619,1066,2.0733354176627472e-05
1616934042.392473,1078,2.0692499674623832e-05
1616934047.086129,1093,2.062082421616651e-05
1616934048.940396,1099,2.0664097974076867e-05
1616934050.497061,1104,2.0617502741515636e-05
1616934067.52031,1156,2.0528930690488778e-05
1616934069.033453,1161,2.0545774532365613e-05
1616934069.329994,1162,2.0496414435910992e-05
1616934074.516562,1180,2.0585472157108597e-05
1616934078.140527,1193,2.045162909780629e-05
1616934093.24648,1244,2.0374298401293345e-05
1616934098.305034,1261,2.0439976651687175e-05
1616934122.829084,1316,2.020968167926185e-05
1616934123.669049,1319,2.03035342565272e-05
1616934127.630883,1333,2.0422427041921765e-05
1616934128.762588,1337,2.040106301137712e-05
1616934142.67904,1385,2.02451046789065e-05
1616934144.917571,1392,2.019881685555447e-05
1616934151.560408,1414,2.0289046005927958e-05
1616934155.031786,1426,2.044143548118882e-05
1616934157.799421,1436,2.0314822904765606e-05
1616934166.541023,1466,2.0291743567213416e-05
1616934169.734871,1477,2.0319259419920854e-05
1616934173.961571,1491,2.0212342860759236e-05
1616934182.917704,1523,2.0475270503084175e-05
1616934199.408231,1552,2.0279503587516956e-05
1616934203.845502,1568,1.9712299035745673e-05
1616934208.262074,1584,2.023788147198502e-05
1616934209.356919,1588,2.0131752535235137e-05
1616934214.09514,1605,2.011088145081885e-05
1616934223.865821,1640,1.988295844057575e-05
1616934235.55639,1682,1.9918215912184678e-05
1616934237.999223,1691,2.0252331523806788e-05
1616934241.005965,1702,1.9800130758085288e-05
1616934242.90136,1709,1.981353125302121e-05
1616934245.338483,1718,1.9872772099915892e-05
1616934249.150513,1732,1.988510848605074e-05
1616934249.702301,1734,1.9804816474788822e-05
1616934250.542368,1737,1.9767514459090307e-05
1616934262.58071,1781,1.936195621965453e-05
1616934274.759268,1826,1.9851904653478414e-05
1616934279.605639,1844,1.949539000634104e-05
1616934282.004164,1853,1.9837361833197065e-05
1616934285.483791,1866,1.9693317881319672e-05
1616934286.291894,1869,1.940713082149159e-05
1616934288.419019,1877,1.9723709556274116e-05
1616934299.261006,1917,1.9790842998190783e-05
1616934303.782711,1934,1.9766810510191135e-05
1616934306.526777,1944,1.954727849806659e-05
1616934307.363201,1947,1.953237187990453e-05
1616934322.454555,2001,1.9700419215951115e-05
1616934325.739908,2013,1.936087937792763e-05
1616934331.881957,2036,1.9128256099065766e-05
1616934342.800805,2076,1.9290828277007677e-05
1616934343.073356,2077,1.8803832062985748e-05
1616934345.247964,2085,1.895470813906286e-05
1616934346.341782,2089,1.934566353156697e-05
1616934348.260908,2096,1.9179396986146457e-05
1616934362.557611,2149,1.912914012791589e-05
1616934364.438079,2156,1.8835888113244437e-05
1616934372.765388,2187,1.9173485270584933e-05
1616934373.833714,2191,1.9199131202185526e-05
1616934375.979217,2199,1.913720916491002e-05
1616934378.271944,2207,1.9407400031923316e-05
1616934379.349439,2211,1.876983151305467e-05
1616934384.762831,2231,1.901022915262729e-05
1616934386.108653,2236,1.8624556105351076e-05
1616934386.376569,2237,1.928425808728207e-05
1616934391.739683,2257,1.8602411728352308e-05
1616934393.094321,2262,1.8701904991758056e-05
1616934398.184148,2281,1.889867417048663e-05
1616934402.409826,2297,1.877171416708734e-05
1616934405.029305,2307,1.930963662744034e-05
1616934408.170227,2319,1.8861454009311274e-05
1616934414.986491,2345,1.869664811238181e-05
1616934417.370896,2354,1.9056458768318407e-05
1616934426.714512,2389,1.8833465219358914e-05
1616934426.987178,2390,1.905244425870478e-05
1616934427.518106,2392,1.8799968529492617e-05
1616934439.386264,2436,1.859312760643661e-05
1616934441.538326,2444,1.863768011389766e-05
1616934443.964381,2453,1.8605631339596584e-05
1616934444.512297,2455,1.8859007468563505e-05
1616934445.867906,2460,1.8868293409468606e-05
1616934452.65196,2485,1.8456012185197324e-05
1616934452.915192,2486,1.8765791537589394e-05
1616934455.591218,2496,1.8825283405021764e-05
1616934456.130258,2498,1.8493157767807133e-05
1616934457.47298,2503,1.86042543646181e-05
1616934461.262972,2517,1.9070919734076597e-05
1616934462.888413,2523,1.867986429715529e-05
1616934465.305316,2532,1.8787903172778897e-05
1616934469.341083,2547,1.855407390394248e-05
1616934470.946158,2553,1.8288428691448644e-05
1616934485.991085,2606,1.8679385902942158e-05
1616934508.215212,2685,1.8751197785604745e-05
1616934513.00874,2703,1.8171684132539667e-05
1616934523.855658,2740,1.836087176343426e-05
1616934527.638376,2754,1.8911689039669e-05
1616934536.978387,2789,1.8497466953704134e-05
1616934559.097414,2872,1.8310132873011753e-05
1616934565.462451,2896,1.8712999008130282e-05
1616934584.686254,2967,1.843433165049646e-05
1616934586.860982,2975,1.8163260392611846e-05
1616934597.035463,3011,1.8097785869031213e-05
1616934604.621626,3038,1.838467869674787e-05
1616934605.439768,3041,1.8033420928986743e-05
1616934622.136544,3099,1.8555840142653324e-05
1616934639.28336,3161,1.8027461919700727e-05
1616934643.837552,3177,1.8543420083005913e-05
1616934648.997355,3195,1.820955003495328e-05
1616934649.280509,3196,1.853395406214986e-05
1616934658.998505,3230,1.819564204197377e-05
1616934661.769559,3240,1.8367620214121416e-05
1616934662.582664,3243,1.8238284610561095e-05
1616934662.857838,3244,1.862097269622609e-05
1616934663.411083,3246,1.8375914805801585e-05
1616934663.686828,3247,1.8429573174216785e-05
1616934679.530334,3305,1.8445383830112405e-05
1616934690.561849,3345,1.861489363363944e-05
1616934699.212483,3376,1.838668504205998e-05
1616934707.283708,3403,1.8656279280548915e-05
1616934708.773297,3408,1.8615286535350606e-05
1616934715.001938,3430,1.8330398233956657e-05
1616934720.438592,3449,1.8589658793644048e-05
1616934724.753179,3464,1.8460041246726178e-05
1616934729.459586,3480,1.8451313735567965e-05
1616934737.687694,3509,1.8405546143185347e-05
1616934738.563783,3512,1.8642553186509758e-05
1616934746.611243,3537,1.8380102119408548e-05
1616934764.480251,3600,1.869816151156556e-05
1616934769.497098,3618,1.8311109670321457e-05
1616934770.062505,3620,1.856560083979275e-05
1616934770.598225,3622,1.8696524421102367e-05
1616934772.451739,3628,1.8623502910486422e-05
1616934780.782222,3656,1.840251024987083e-05
1616934784.905496,3670,1.8861783246393315e-05
1616934800.454974,3726,1.8568598534329794e-05
1616934801.542353,3730,1.854112997534685e-05
1616934804.533976,3741,1.8451570213073865e-05
1616934819.52624,3793,1.8177126548835076e-05
1616934825.598322,3814,1.82851235877024e-05
1616934827.0124,3819,1.8233215087093413e-05
1616934827.570806,3821,1.8413040379527956e-05
1616934830.427284,3831,1.854173024185002e-05
1616934839.619992,3864,1.8510701920604333e-05
1616934842.853713,3876,1.8288717910763808e-05
1616934857.693814,3928,1.8645310774445534e-05
1616934866.126734,3956,1.8513173927203752e-05
1616934874.366516,3984,1.8455397366778925e-05
1616934885.293362,4022,1.8193868527305312e-05
1616934888.375485,4033,1.8133670891984366e-05
1616934889.21358,4036,1.8299320799997076e-05
1616934905.488293,4093,1.8403301510261372e-05
1616934906.888939,4098,1.8447519323672168e-05
1616934909.977867,4109,1.8410843040328473e-05
1616934930.233438,4182,1.840359254856594e-05
1616934933.668001,4194,1.8347498553339392e-05
1616934934.263647,4196,1.8470325812813826e-05
1616934935.717688,4201,1.837209492805414e-05
1616934936.006815,4202,1.8683045709622093e-05
1616934942.907655,4227,1.852259083534591e-05
1616934944.235558,4232,1.833469832490664e-05
1616934945.056077,4235,1.831924237194471e-05
1616934947.238689,4243,1.8346505385125056e-05
1616934952.69503,4263,1.824011269491166e-05
1616934953.508845,4266,1.8259743228554726e-05
1616934957.870944,4282,1.8367079974268563e-05
1616934963.96333,4304,1.838573007262312e-05
1616934967.548074,4317,1.834356226027012e-05
1616934968.098229,4319,1.8456039470038377e-05
1616934982.693341,4369,1.8093831386067905e-05
1616934989.235301,4393,1.865961166913621e-05
1616934991.120587,4400,1.8392218407825567e-05
1616934992.739062,4406,1.8254218957736157e-05
1616934999.255795,4430,1.8197441022493877e-05
1616935000.069249,4433,1.8483284293324687e-05
1616935015.989419,4492,1.8256219846080057e-05
1616935020.560232,4509,1.832920497690793e-05
1616935026.209128,4530,1.8234541130368598e-05
1616935040.205647,4578,1.8294538676855154e-05
1616935041.004804,4581,1.85272547241766e-05
1616935053.584442,4628,1.834296199376695e-05
1616935060.985987,4656,1.8272981833433732e-05
1616935063.097806,4664,1.8209484551334754e-05
1616935064.160149,4668,1.8131368051399477e-05
1616935066.286701,4676,1.8337452274863608e-05
1616935076.987452,4713,1.8335551430936903e-05
1616935078.346676,4718,1.8416560124023817e-05
1616935087.159779,4750,1.822995545808226e-05
1616935089.349554,4758,1.8227081454824656e-05
1616935091.824566,4767,1.8389107935945503e-05
1616935098.250683,4788,1.813020571717061e-05
1616935101.535722,4800,1.8188093235949054e-05
1616935102.081265,4802,1.816573058022186e-05
1616935112.515411,4840,1.8033177184406668e-05
1616935115.840756,4852,1.8351045582676306e-05
1616935127.387603,4894,1.8172138879890554e-05
1616935145.740733,4962,1.814965253288392e-05
1616935148.156849,4971,1.8353657651459798e-05
1616935148.968771,4974,1.8231867215945385e-05
1616935170.202399,5050,1.8348942830925807e-05
1616935170.733023,5052,1.823521415644791e-05
1616935171.001163,5053,1.814541974454187e-05
1616935186.033345,5106,1.836525734688621e-05
1616935193.480921,5134,1.822094236558769e-05
1616935211.359171,5200,1.8286613340023905e-05
1616935222.596654,5239,1.8224065570393577e-05
1616935247.779341,5329,1.8246575564262457e-05
1616935252.119036,5345,1.813000017136801e-05
1616935255.839378,5359,1.816697658796329e-05
1616935272.159994,5420,1.8344138879911043e-05
1616935278.155634,5442,1.819766839616932e-05
1616935292.356289,5495,1.82620897248853e-05
1616935297.783416,5515,1.840276672737673e-05
1616935298.33202,5517,1.814729876059573e-05
1616935306.962812,5549,1.813294511521235e-05
1616935313.4667,5573,1.8236987671116367e-05
1616935317.301821,5587,1.8078273569699377e-05
1616935328.877978,5630,1.8202297724201344e-05
1616935337.412356,5658,1.8260645447298884e-05
1616935337.944948,5660,1.8393864593235776e-05
1616935339.02877,5664,1.8130822354578413e-05
1616935343.029476,5679,1.823191632865928e-05
1616935354.039649,5720,1.812600385164842e-05
1616935354.853109,5723,1.8104849004885182e-05
1616935369.252714,5776,1.8264370737597346e-05
1616935377.738777,5807,1.8329017620999366e-05
1616935378.01247,5808,1.8090036974172108e-05
1616935382.639849,5825,1.8213688235846348e-05
1616935383.460206,5828,1.814501592889428e-05
1616935392.602004,5862,1.8150758478441276e-05
1616935393.138419,5864,1.809203786251601e-05
1616935395.036961,5871,1.811272704799194e-05
1616935404.740402,5907,1.8106034985976294e-05
1616935410.40762,5928,1.8190770788351074e-05
1616935416.840094,5952,1.8146734873880632e-05
1616935418.189588,5957,1.8159365936298855e-05
1616935419.808763,5963,1.8194263248005882e-05
1616935427.030644,5990,1.8215789168607444e-05
1616935432.441124,6010,1.8281312804901972e-05
1616935433.808208,6015,1.818909731809981e-05
1616935437.878135,6030,1.8342057956033386e-05
1616935439.256895,6035,1.8155935322283767e-05
1616935451.117346,6078,1.8071557860821486e-05
1616935458.90624,6103,1.811056245060172e-05
1616935459.452265,6105,1.8157190424972214e-05
1616935464.019351,6121,1.803289160307031e-05
1616935466.925099,6131,1.815515133785084e-05
1616935482.769643,6181,1.8164650100516155e-05
1616935488.164916,6200,1.813353992474731e-05
1616935492.069616,6213,1.8167424059356563e-05
1616935493.733839,6219,1.813560629670974e-05
1616935497.313302,6232,1.8108325093635358e-05
1616935513.292012,6289,1.8176695448346436e-05
1616935519.583717,6312,1.821161640691571e-05
1616935521.005142,6317,1.812773189158179e-05
1616935527.686875,6341,1.8136419384973124e-05
1616935530.700564,6352,1.827465348469559e-05
1616935533.950433,6363,1.817945303628221e-05
1616935537.577362,6376,1.8203138097305782e-05
1616935544.575905,6400,1.8130946045857854e-05
1616935572.48947,6495,1.8174079741584137e-05
1616935572.773967,6496,1.809523382689804e-05
1616935573.891016,6500,1.8281813026987948e-05
1616935579.2995,6520,1.8144062778446823e-05
1616935593.899339,6574,1.8116876162821427e-05
1616935596.611428,6584,1.809414789022412e-05
1616935601.881582,6603,1.810799767554272e-05
1616935617.654408,6657,1.8198459656559862e-05
1616935620.260828,6666,1.806113141356036e-05
1616935622.111849,6672,1.8233253285870887e-05
1616935623.837153,6678,1.806311047403142e-05
1616935624.755692,6681,1.8179494873038493e-05
1616935626.800734,6688,1.8099048247677274e-05
1616935629.114183,6696,1.8116967112291604e-05
1616935629.970474,6699,1.812843038351275e-05
1616935633.256348,6711,1.8158252714783885e-05
1616935640.681453,6738,1.8121430912287906e-05
1616935641.763526,6742,1.8193535652244464e-05
1616935644.742277,6753,1.806254658731632e-05
1616935665.885102,6832,1.8100170564139262e-05
1616935669.591744,6846,1.8133518096874468e-05
1616935671.691492,6854,1.8059357898891903e-05
1616935675.628043,6869,1.8184906366514042e-05
1616935693.228455,6934,1.807598164305091e-05
1616935701.697294,6963,1.809173591027502e-05
1616935702.566483,6966,1.8000648196903057e-05
1616935710.513635,6992,1.814788265619427e-05
1616935716.491511,7014,1.817773954826407e-05
1616935737.785956,7091,1.814690767787397e-05
1616935741.927818,7106,1.8051474398816936e-05
1616935744.274639,7114,1.806360887712799e-05
1616935750.683347,7137,1.8233058654004708e-05
1616935755.686407,7155,1.8108579752151854e-05
1616935766.452522,7195,1.8087474018102512e-05
1616935772.199145,7216,1.8079868823406287e-05
1616935780.587155,7247,1.8128677766071633e-05
1616935794.60914,7300,1.808440538297873e-05
1616935797.502206,7311,1.818515738705173e-05
1616935802.297089,7329,1.813008748285938e-05
1616935805.077433,7339,1.8196578821516596e-05
1616935805.357561,7340,1.8042153897113167e-05
1616935810.617111,7359,1.8058151908917353e-05
1616935817.28487,7382,1.8158063539885916e-05
1616935822.677667,7401,1.815325958887115e-05
1616935834.467146,7440,1.8071372323902324e-05
1616935835.323634,7443,1.8012475266004913e-05
1616935837.305999,7450,1.8127839211956598e-05
1616935840.136019,7460,1.812975824577734e-05
1616935840.967694,7463,1.7986374587053433e-05
1616935845.155394,7478,1.8139153326046653e-05
1616935854.846493,7511,1.8111704775947146e-05
1616935860.229934,7530,1.8101307432516478e-05
1616935883.231125,7609,1.8092230675392784e-05
1616935892.95181,7644,1.8069309589918703e-05
1616935897.775779,7661,1.8048893252853304e-05
1616935902.281285,7676,1.8110897144651972e-05
1616935905.79656,7687,1.8036249457509257e-05
1616935907.566935,7693,1.8023023585556075e-05
1616935914.792425,7718,1.8119382730219513e-05
1616935916.200592,7723,1.8124743291991763e-05
1616935917.585348,7728,1.8023845768766478e-05
1616935922.815957,7746,1.8072279999614693e-05
1616935925.946128,7757,1.8128483134205453e-05
1616935926.782122,7760,1.808289198379498e-05
1616935932.318379,7780,1.808107663237024e-05
1616935935.131222,7788,1.804454041121062e-05
1616935937.919852,7798,1.8043809177470393e-05
1616935947.57912,7833,1.803658415155951e-05
1616935948.966423,7838,1.8138478480977938e-05
1616935966.56774,7899,1.8144144632969983e-05
1616935966.849371,7900,1.800456448108889e-05
1616935976.026346,7932,1.8095668565365486e-05
1616935990.568216,7983,1.8037442714557983e-05
1616935992.910364,7991,1.8068552890326828e-05
1616936002.733371,8026,1.809718378353864e-05
1616936005.787858,8037,1.8060603906633332e-05
1616936009.064863,8049,1.8075452317134477e-05
1616936013.696953,8066,1.8092179743689485e-05
1616936030.406775,8126,1.803048508008942e-05
1616936045.835802,8180,1.802731458155904e-05
1616936046.902583,8184,1.804753628675826e-05
1616936050.620317,8198,1.8045473552774638e-05
1616936055.269897,8215,1.804076964617707e-05
1616936056.864862,8221,1.8058495697914623e-05
1616936068.149751,8263,1.8083901522913948e-05
1616936072.654185,8279,1.8016800822806545e-05
1616936075.797197,8290,1.8149163224734366e-05
1616936080.609864,8307,1.801591679395642e-05
1616936086.083937,8327,1.8033559172181413e-05
1616936087.44742,8332,1.805004467314575e-05
1616936087.989478,8334,1.8051427105092444e-05
1616936089.593187,8340,1.8068478311761282e-05
1616936095.011321,8360,1.8150471078115515e-05
1616936095.832005,8363,1.804806561267469e-05
1616936097.201223,8368,1.8050395738100633e-05
1616936099.656356,8377,1.803230588848237e-05
1616936125.332137,8467,1.8054859538096935e-05
1616936125.602824,8468,1.801438156689983e-05
1616936126.153502,8470,1.8041495422949083e-05
1616936133.677055,8498,1.8131115211872384e-05
1616936135.006764,8503,1.804024213925004e-05
1616936136.338266,8508,1.7996469978243113e-05
1616936151.67077,8566,1.803538907552138e-05
1616936158.598144,8592,1.8082047972711734e-05
1616936161.037516,8601,1.8005377569352277e-05
1616936170.74502,8634,1.804931707738433e-05
1616936171.011998,8635,1.803946724976413e-05
1616936173.408794,8644,1.7989477782975882e-05
1616936183.6062,8682,1.8010969142778777e-05
1616936185.74779,8690,1.8038106645690277e-05
1616936187.085002,8695,1.801913276722189e-05
1616936195.611633,8727,1.8069584257318638e-05
1616936208.012483,8774,1.8007804101216607e-05
1616936209.065649,8778,1.806411091820337e-05
1616936215.151955,8801,1.804773091862444e-05
1616936219.932265,8819,1.80161114258226e-05
1616936220.738668,8822,1.806505497370381e-05
1616936226.324655,8843,1.8020366042037494e-05
1616936229.286582,8854,1.801951293600723e-05
1616936235.73367,8878,1.8021870346274227e-05
1616936237.607282,8885,1.8180069673690014e-05
1616936242.236312,8902,1.7994070731219836e-05
1616936243.748546,8904,1.8009901395998895e-05
1616936244.563637,8907,1.7987669707508758e-05
1616936250.235428,8928,1.8006096070166677e-05
1616936252.10549,8935,1.802076985768508e-05
1616936258.122031,8958,1.8030475985142402e-05
1616936262.580959,8975,1.8004513549385592e-05
1616936267.312069,8993,1.798172525013797e-05
1616936268.890493,8999,1.8015240129898302e-05
1616936271.496074,9009,1.804875319066923e-05
1616936276.541581,9028,1.8074386389344e-05
1616936283.769774,9055,1.7992853827308863e-05
1616936285.914604,9063,1.8050663129542954e-05
1616936291.60156,9084,1.8007141989073716e-05
1616936310.844549,9155,1.806229010981042e-05
1616936327.1192,9216,1.8032476873486303e-05
1616936329.810486,9226,1.809868263080716e-05
1616936331.677018,9233,1.8012762666330673e-05
1616936338.88867,9260,1.8007485778070986e-05
1616936344.477853,9281,1.8005930542130955e-05
1616936351.483662,9307,1.7991666027228348e-05
1616936353.914522,9316,1.8023371012532152e-05
1616936362.569071,9348,1.8001497664954513e-05
1616936368.276685,9369,1.79891794687137e-05
1616936379.7678,9412,1.7997035683947615e-05
1616936380.570551,9415,1.802548285922967e-05
1616936385.895055,9435,1.8005375750362873e-05
1616936387.741726,9442,1.802898259484209e-05
1616936395.925928,9468,1.8007283870247193e-05
1616936414.538966,9538,1.8017155525740236e-05
1616936416.950848,9547,1.800819518393837e-05
1616936418.844307,9554,1.7991951608564705e-05
1616936422.350751,9567,1.8018812625086866e-05
1616936428.314574,9589,1.8025080862571485e-05
1616936431.275404,9600,1.8018210539594293e-05
1616936434.242143,9611,1.8009675841312855e-05
1616936438.588675,9627,1.799746314645745e-05
1616936445.084869,9651,1.799201527319383e-05
1616936446.707539,9657,1.7988157196668908e-05
1616936452.868337,9680,1.8015134628512897e-05
1616936457.68611,9698,1.7992639186559245e-05
1616936474.08061,9759,1.799776146071963e-05
1616936476.492319,9768,1.799109850253444e-05
1616936488.437738,9812,1.7989175830734894e-05
1616936496.108753,9840,1.7996000678976998e-05
1616936496.928083,9843,1.7977525203605182e-05
1616936508.660801,9883,1.7992024368140846e-05
1616936515.095423,9907,1.798590164980851e-05
1616936532.227857,9972,1.7974554793909192e-05
1616936552.804777,10050,1.7983516954700463e-05
1616936554.161385,10055,1.8006909158430062e-05
1616936554.97539,10058,1.800676363927778e-05
1616936558.752711,10072,1.802186670829542e-05
1616936561.978573,10084,1.8028564227279276e-05
1616936568.201879,10107,1.797423101379536e-05
1616936569.826061,10113,1.8011367501458153e-05
1616936573.865361,10128,1.797878030629363e-05
1616936578.182584,10144,1.7967198800761253e-05
1616936585.607846,10168,1.7997957911575213e-05
1616936590.116291,10185,1.8034812455880456e-05
1616936606.025001,10245,1.7999780538957566e-05
1616936608.926902,10256,1.7985057638725266e-05
1616936614.238458,10276,1.8022945369011723e-05
1616936616.09617,10283,1.7975411537918262e-05
1616936617.434858,10288,1.799584242689889e-05
1616936646.260896,10396,1.7985861632041633e-05
1616936647.074911,10399,1.799013807612937e-05
1616936652.738879,10420,1.7979218682739884e-05
1616936654.080207,10425,1.7981432392844e-05
1616936665.56825,10468,1.797328150132671e-05
1616936668.460992,10479,1.798799348762259e-05
1616936671.154746,10489,1.7984370060730726e-05
1616936672.591114,10493,1.7964743165066466e-05
1616936680.251717,10522,1.7981943528866395e-05
1616936683.672561,10531,1.8008895494858734e-05
1616936689.940639,10554,1.7970771295949817e-05
1616936690.212226,10555,1.7992393622989766e-05
1616936693.407561,10567,1.799735582608264e-05
1616936701.877267,10598,1.798803532437887e-05
1616936704.261782,10607,1.7986436432693154e-05
1616936708.770454,10624,1.800325480871834e-05
1616936710.069081,10629,1.7967440726351924e-05
1616936712.428015,10638,1.799694109649863e-05
1616936714.509324,10646,1.7973899957723916e-05
1616936716.587225,10654,1.800895915948786e-05
1616936721.00821,10671,1.8008653569268063e-05
1616936728.829762,10701,1.7971795386984013e-05
1616936731.459949,10711,1.7990647393162362e-05
1616936741.465947,10748,1.7989539628615603e-05
1616936743.873071,10757,1.7962884157896042e-05
1616936744.142716,10758,1.799922392820008e-05
1616936749.995949,10780,1.795237221813295e-05
1616936751.862443,10787,1.7982887584366836e-05
1616936759.995171,10815,1.7971688066609204e-05
1616936762.825117,10825,1.7973725334741175e-05
1616936764.187554,10830,1.796690048649907e-05
1616936767.260441,10841,1.7958274838747457e-05
1616936769.712894,10850,1.7981972632696852e-05
1616936773.496863,10864,1.7984206351684406e-05
1616936783.802086,10902,1.7985845261137e-05
1616936784.604906,10905,1.799243182176724e-05
1616936793.669682,10939,1.797954428184312e-05
1616936794.74214,10943,1.7957854652195238e-05
1616936802.112652,10966,1.7968974134419113e-05
1616936803.704561,10972,1.7985888916882686e-05
1616936804.236101,10974,1.7972786736208946e-05
1616936814.888457,11014,1.795063872123137e-05
1616936816.504087,11020,1.7989103071158752e-05
1616936817.041177,11022,1.798583980416879e-05
1616936820.010858,11033,1.7958023818209767e-05
1616936821.361539,11038,1.796696233213879e-05
1616936825.096438,11052,1.7979982658289373e-05
1616936827.516744,11061,1.8004806406679563e-05
1616936831.81607,11077,1.7970594853977673e-05
1616936838.572131,11102,1.794945819710847e-05
1616936843.73943,11121,1.7969794498640113e-05
1616936846.194081,11130,1.7962571291718632e-05
1616936851.076102,11148,1.796012838894967e-05
1616936858.310954,11175,1.7953067072085105e-05
1616936864.440877,11198,1.7958123862626962e-05
1616936864.974547,11200,1.7954713257495314e-05
1616936865.244663,11201,1.797167533368338e-05
1616936880.862916,11260,1.796073956938926e-05
1616936881.666492,11263,1.7962027413886972e-05
1616936884.09248,11272,1.796977267076727e-05
1616936894.763227,11310,1.7957892850972712e-05
1616936908.374573,11361,1.7970591215998866e-05
1616936922.266891,11411,1.7964041035156697e-05
1616936924.437586,11419,1.7946496882359497e-05
1616936934.695083,11455,1.7971276975004002e-05
1616936939.485465,11472,1.7975162336369976e-05
1616936944.920812,11492,1.796912692952901e-05
1616936953.215835,11520,1.795289063011296e-05
1616936954.043693,11523,1.796887954697013e-05
1616936955.996708,11530,1.796442666091025e-05
1616936956.546578,11532,1.7948023014469072e-05
1616936961.328304,11549,1.7967111489269882e-05
1616936963.575094,11557,1.797436925699003e-05
1616936966.50502,11566,1.794671879906673e-05
1616936970.499722,11581,1.794402487576008e-05
1616936974.794382,11597,1.794838681234978e-05
1616936986.479412,11636,1.7946096704690717e-05
1616936989.688875,11648,1.795248499547597e-05
1616936992.938424,11660,1.7942988051800057e-05
1616936995.892467,11671,1.7965332517633215e-05
1616936999.606555,11685,1.7944314095075242e-05
1616937000.146888,11687,1.7980732081923634e-05
1616937009.74074,11723,1.7948541426449083e-05
1616937020.608717,11759,1.7973397916648537e-05
1616937027.836762,11786,1.7936639778781682e-05
1616937031.817838,11801,1.7942977137863636e-05
1616937039.747378,11831,1.795780008251313e-05
1616937046.088272,11855,1.7946695152204484e-05
1616937050.896053,11873,1.7951169866137207e-05
1616937060.658408,11906,1.7945558283827268e-05
1616937069.207822,11933,1.7945654690265656e-05
1616937072.938183,11946,1.7967369785765186e-05
1616937073.478722,11948,1.7951180780073628e-05
1616937073.763269,11949,1.795950811356306e-05
1616937079.332071,11969,1.7954364011529833e-05
1616937080.78399,11974,1.797079858079087e-05
1616937085.435331,11988,1.79409580596257e-05
1616937088.296403,11998,1.796049764379859e-05
1616937089.725489,12003,1.794865784177091e-05
1616937091.697843,12010,1.79540384124266e-05
1616937097.006327,12029,1.7950169421965256e-05
1616937100.371378,12041,1.795007301552687e-05
1616937110.072241,12076,1.7953438145923428e-05
1616937127.717973,12138,1.794622585293837e-05
1616937131.771389,12153,1.794843228708487e-05
1616937134.723051,12164,1.793617775547318e-05
1616937135.808914,12168,1.7940201360033825e-05
1616937140.110392,12184,1.7950624169316143e-05
1616937149.137822,12217,1.793477167666424e-05
1616937151.556803,12226,1.7949281755136326e-05
1616937163.301076,12270,1.794547824829351e-05
1616937168.606784,12290,1.7935066352947615e-05
1616937169.402757,12293,1.7942755221156403e-05
1616937173.634716,12309,1.794046511349734e-05
1616937177.854282,12325,1.793625415302813e-05
1616937197.019603,12396,1.794662603060715e-05
1616937199.498775,12405,1.7936370568349957e-05
1616937208.006432,12436,1.7946576917893253e-05
1616937213.372544,12455,1.7942526028491557e-05
1616937214.20047,12458,1.7938315068022348e-05
1616937220.203895,12480,1.7953569113160484e-05
1616937238.446115,12545,1.792917464626953e-05
1616937240.554131,12553,1.7943144484888762e-05
1616937246.228677,12574,1.7943177226698026e-05
1616937252.221232,12596,1.7934959032572806e-05
1616937260.016265,12625,1.7930577087099664e-05
1616937272.336675,12671,1.7939493773155846e-05
1616937280.163161,12699,1.7937425582204014e-05
1616937296.391754,12758,1.7938134988071397e-05
1616937300.906697,12774,1.795451680663973e-05
1616937309.897819,12805,1.7936148651642725e-05
1616937318.160231,12834,1.7932963601197116e-05
1616937325.243807,12859,1.7925962310982868e-05
1616937327.000019,12864,1.7936439689947292e-05
1616937330.810337,12877,1.7930444300873205e-05
1616937334.603169,12890,1.7935590221895836e-05
1616937336.371541,12896,1.7931568436324596e-05
1616937348.794297,12938,1.7928110537468456e-05
1616937349.077512,12939,1.793420233298093e-05
1616937354.584859,12959,1.7935477444552816e-05
1616937370.768799,13017,1.7930848116520792e-05
1616937375.332251,13034,1.7931828551809303e-05
1616937382.628767,13061,1.7931461115949787e-05
1616937382.899678,13062,1.7928807210410014e-05
1616937385.090371,13070,1.792518378351815e-05
1616937388.373504,13082,1.7934107745531946e-05
1616937391.640199,13094,1.7927770386449993e-05
1616937395.725239,13109,1.792441980796866e-05
1616937396.818364,13113,1.7935959476744756e-05
1616937401.435061,13130,1.7937425582204014e-05
1616937406.39753,13148,1.7934753486770205e-05
1616937411.329538,13166,1.7941514670383185e-05
1616937415.410116,13181,1.793180126696825e-05
1616937418.099423,13191,1.7937893062480725e-05
1616937418.914605,13194,1.7932874470716342e-05
1616937422.162302,13206,1.793120100046508e-05
1616937422.431928,13207,1.7925985957845114e-05
1616937423.520038,13211,1.792826697055716e-05
1616937431.162432,13239,1.7932163245859556e-05
1616937438.24031,13265,1.793255978554953e-05
1616937447.095397,13298,1.7928827219293453e-05
1616937451.126535,13313,1.7926355212694034e-05
1616937460.835921,13349,1.7933794879354537e-05
1616937475.162351,13402,1.7926822692970745e-05
1616937476.243987,13406,1.7932354239746928e-05
1616937481.630356,13426,1.7922648112289608e-05
1616937495.161022,13475,1.7927219232660718e-05
1616937502.795594,13504,1.7924401618074626e-05
1616937514.070047,13546,1.792264993127901e-05
1616937527.601982,13597,1.79292110260576e-05
1616937531.727642,13612,1.7925647625816055e-05
1616937533.956161,13620,1.7922517145052552e-05
1616937535.672417,13626,1.792777948139701e-05
1616937549.365575,13676,1.7924052372109145e-05
1616937550.161541,13679,1.7927470253198408e-05
1616937550.951788,13682,1.791923750715796e-05
1616937554.41579,13695,1.7925094653037377e-05
1616937561.947651,13722,1.7925118299899623e-05
1616937568.681926,13747,1.7920307072927244e-05
1616937570.568025,13754,1.7920790924108587e-05
1616937576.540447,13776,1.7927228327607736e-05
1616937582.641583,13797,1.7923530322150327e-05
1616937586.238228,13810,1.7922617189469747e-05
1616937596.921875,13845,1.7928708984982222e-05
1616937603.740695,13868,1.7919890524353832e-05
1616937604.568154,13871,1.7925196516443975e-05
1616937608.191616,13884,1.7924361600307748e-05
1616937609.377433,13888,1.792109469533898e-05
1616937623.219191,13937,1.7921005564858206e-05
1616937623.486692,13938,1.7925001884577796e-05
1616937628.707608,13957,1.7925362044479698e-05
1616937629.499625,13960,1.792494731489569e-05
1616937631.925589,13969,1.7929058230947703e-05
1616937632.189493,13970,1.7920943719218485e-05
1616937633.825441,13976,1.7920487152878195e-05
1616937639.26121,13996,1.792222792573739e-05
1616937639.837254,13998,1.792299372027628e-05
1616937663.206763,14080,1.7920610844157636e-05
1616937664.847924,14086,1.7919641322805546e-05
1616937685.074128,14161,1.7922604456543922e-05
1616937692.807681,14189,1.792569128156174e-05
1616937701.097015,14221,1.79255675902823e-05
1616937702.640736,14227,1.791839713405352e-05
1616937708.680383,14250,1.7920290702022612e-05
1616937718.245025,14287,1.791809881979134e-05
1616937718.499772,14288,1.7918395315064117e-05
1616937720.020735,14294,1.7918633602675982e-05
1616937722.314307,14303,1.7919845049618743e-05
1616937726.75573,14320,1.7919683159561828e-05
1616937729.916147,14332,1.7918613593792543e-05
1616937731.483866,14338,1.7921678590937518e-05
1616937736.779067,14358,1.7921003745868802e-05
1616937737.795499,14362,1.7918348021339625e-05
1616937743.853904,14386,1.7917238437803462e-05
1616937746.729701,14397,1.79211565409787e-05
1616937759.71706,14447,1.7922964616445825e-05
1616937765.997601,14471,1.792034527170472e-05
1616937771.908262,14494,1.7916347132995725e-05
1616937781.406632,14530,1.7918193407240324e-05
1616937787.593839,14554,1.791720205801539e-05
1616937788.103056,14556,1.791755494195968e-05
1616937788.364203,14557,1.791699651221279e-05
1616937804.240337,14617,1.791821159713436e-05
1616937808.341747,14632,1.7918790035764687e-05
1616937809.925544,14638,1.7919384845299646e-05
1616937817.893547,14668,1.7916578144649975e-05
1616937820.273201,14677,1.7916625438374467e-05
1616937821.312743,14681,1.791717659216374e-05
1616937822.851443,14687,1.7918326193466783e-05
1616937826.990615,14703,1.791763679648284e-05
1616937838.365723,14746,1.791883732948918e-05
1616937841.590867,14758,1.7917347577167675e-05
1616937847.074277,14779,1.791857539501507e-05
1616937847.352489,14780,1.791761133063119e-05
1616937848.383406,14784,1.7914855561684817e-05
1616937849.405267,14788,1.7913725969265215e-05
1616937850.433604,14792,1.791459544620011e-05
1616937854.785234,14809,1.791464637790341e-05
1616937856.306333,14815,1.791477006918285e-05
1616937857.339348,14819,1.7917280274559744e-05
1616937864.321898,14846,1.7913647752720863e-05
1616937871.28316,14873,1.7916530850925483e-05
1616937876.108182,14892,1.7916510842042044e-05
1616937884.175381,14924,1.79127946466906e-05
1616937884.426141,14925,1.7918759112944826e-05
1616937884.67481,14926,1.7915155694936402e-05
1616937890.686758,14950,1.791476461221464e-05
1616937907.82881,15015,1.7916137949214317e-05
1616937911.032589,15027,1.7915932403411716e-05
1616937928.343173,15090,1.7916121578309685e-05
1616937939.961619,15132,1.7915896023623645e-05
1616937941.059924,15136,1.7916305296239443e-05
1616937953.053183,15180,1.7914648196892813e-05
1616937958.241939,15199,1.7915028365678154e-05
1616937968.351551,15236,1.7914748241310008e-05
1616937976.859233,15266,1.791504655557219e-05
1616937978.856632,15273,1.7914413547259755e-05
1616937981.709707,15283,1.7915413991431706e-05
1616937986.752797,15301,1.7915726857609116e-05
1616937993.269008,15324,1.791502108972054e-05
1616937998.037935,15341,1.791571412468329e-05
1616937999.664221,15347,1.7914078853209503e-05
1616938001.515128,15354,1.7914797354023904e-05
1616938014.835176,15401,1.7914433556143194e-05
1616938016.258713,15406,1.791298382158857e-05
1616938020.818685,15422,1.791441536624916e-05
1616938022.434509,15428,1.7913365809363313e-05
1616938025.258251,15438,1.7916188880917616e-05
1616938030.464207,15456,1.7913884221343324e-05
1616938035.190573,15473,1.7912643670570105e-05
1616938035.782366,15475,1.7913316696649417e-05
1616938044.725949,15507,1.7913120245793834e-05
1616938050.557993,15527,1.7914004274643958e-05
1616938053.684518,15538,1.791364593373146e-05
1616938067.198799,15585,1.7911965187522583e-05
1616938070.628631,15597,1.791317481547594e-05
1616938073.808074,15608,1.79133585334057e-05
1616938091.205669,15672,1.7913167539518327e-05
1616938100.027093,15703,1.791256909200456e-05
1616938109.908764,15740,1.7913911506184377e-05
1616938116.339885,15764,1.7912387193064205e-05
1616938118.77902,15773,1.791367139958311e-05
1616938120.384481,15779,1.791295471775811e-05
1616938124.351331,15794,1.791287650121376e-05
1616938128.987502,15811,1.7912654584506527e-05
1616938132.884861,15825,1.791261092876084e-05
1616938133.678623,15828,1.7912274415721186e-05
1616938138.971237,15847,1.791260001482442e-05
1616938144.714413,15866,1.7912247130880132e-05
1616938175.813703,15979,1.791225076885894e-05
1616938178.092577,15987,1.791274917195551e-05
1616938179.937308,15993,1.7912305338541046e-05
1616938187.014009,16017,1.7912328985403292e-05
1616938187.294206,16018,1.7912239854922518e-05
1616938198.140727,16056,1.7912623661686666e-05
1616938205.866414,16083,1.791183058230672e-05
1616938209.330402,16095,1.791234899428673e-05
1616938215.478338,16116,1.7912232578964904e-05
1616938233.265142,16175,1.791206159396097e-05
1616938236.794978,16188,1.791205068002455e-05
1616938239.623923,16198,1.7911575923790224e-05
1616938240.773051,16202,1.791228714864701e-05
1616938247.824407,16227,1.791198883438483e-05
1616938254.14893,16249,1.7911688701133244e-05
1616938275.099973,16321,1.791173781384714e-05
1616938281.291903,16343,1.7911648683366366e-05
1616938282.509929,16347,1.7911777831614017e-05
1616938283.084863,16349,1.791159411368426e-05
1616938283.364368,16350,1.7911144823301584e-05
1616938286.210096,16360,1.7911586837726645e-05
1616938292.010254,16380,1.791171234799549e-05
1616938299.742119,16406,1.7911108443513513e-05
1616938309.853121,16440,1.7911326722241938e-05
1616938312.483677,16449,1.791139948181808e-05
1616938328.872058,16505,1.7911816030391492e-05
1616938344.604539,16559,1.791169233911205e-05
1616938352.188388,16585,1.7911510440171696e-05
1616938353.609626,16590,1.7910948372446e-05
1616938359.254915,16610,1.791112299542874e-05
1616938373.604479,16661,1.7911290342453867e-05
1616938374.69084,16665,1.7911032045958564e-05
1616938383.648832,16697,1.7911146642290987e-05
1616938397.518921,16746,1.791121940186713e-05
1616938403.296611,16766,1.791109207260888e-05
1616938412.344603,16798,1.791102477000095e-05
1616938415.175898,16808,1.7911015675053932e-05
1616938415.460009,16809,1.791090107872151e-05
1616938422.518008,16834,1.7910873793880455e-05
1616938423.928205,16839,1.791103568393737e-05
1616938425.071748,16843,1.7911093891598284e-05
1616938429.088803,16857,1.7910977476276457e-05
1616938441.204738,16899,1.7910957467393018e-05
1616938448.361596,16924,1.791086651792284e-05
1616938469.480107,16999,1.7910679162014276e-05
1616938487.450942,17066,1.791059366951231e-05
1616938496.086337,17097,1.7910633687279187e-05
1616938505.682727,17131,1.791088106983807e-05
1616938505.945674,17132,1.791071736079175e-05
1616938511.891755,17154,1.7910786482389085e-05
1616938522.901314,17192,1.7910797396325506e-05
1616938524.414598,17197,1.791084105207119e-05
1616938525.949257,17202,1.7910602764459327e-05
1616938528.759604,17212,1.7910704627865925e-05
1616938536.322155,17239,1.79107428266434e-05
1616938536.60973,17240,1.79107428266434e-05
1616938538.552579,17247,1.791061913536396e-05
1616938542.536427,17261,1.7910653696162626e-05
1616938545.81278,17272,1.791070644685533e-05
1616938550.900549,17290,1.7910642782226205e-05
1616938551.46452,17292,1.791066642908845e-05
1616938558.330448,17315,1.7910757378558628e-05
1616938558.606081,17316,1.7910535461851396e-05
1616938558.880704,17317,1.7910821043187752e-05
1616938559.726773,17320,1.791085014701821e-05
1616938565.164526,17339,1.7910595488501713e-05
1616938575.238887,17374,1.7910535461851396e-05
1616938580.014033,17391,1.7910653696162626e-05
1616938583.676195,17404,1.791056820366066e-05
1616938583.986142,17405,1.7910708265844733e-05
1616938586.848776,17415,1.7910595488501713e-05
1616938589.998319,17426,1.7910550013766624e-05
1616938592.704078,17436,1.7910651877173223e-05
1616938594.829767,17444,1.7910540918819606e-05
1616938597.518185,17454,1.79105372808408e-05
1616938610.97453,17503,1.7910637325257994e-05
1616938613.251979,17511,1.7910611859406345e-05
1616938614.360365,17515,1.7910508177010342e-05
1616938622.345973,17543,1.7910515452967957e-05
1616938626.363257,17557,1.7910597307491116e-05
1616938628.057041,17563,1.7910539099830203e-05
1616938632.04359,17577,1.791056820366066e-05
1616938632.608633,17579,1.7910586393554695e-05
1616938634.76926,17586,1.791052818589378e-05
1616938635.840629,17590,1.791065005818382e-05
1616938636.653789,17593,1.7910551832756028e-05
1616938636.929042,17594,1.79104354174342e-05
1616938638.014621,17598,1.791049180610571e-05
1616938645.061429,17623,1.791054819477722e-05
1616938647.795925,17633,1.7910473616211675e-05
1616938648.867283,17637,1.7910557289724238e-05
1616938653.366143,17653,1.791047179722227e-05
1616938657.285282,17667,1.791051727195736e-05
1616938667.73535,17703,1.7910564565681852e-05
1616938668.0055,17704,1.7910464521264657e-05
1616938669.917711,17711,1.7910540918819606e-05
1616938673.090621,17722,1.791050635802094e-05
1616938681.517136,17752,1.7910513633978553e-05
1616938686.836251,17771,1.7910519090946764e-05
1616938687.106217,17772,1.7910539099830203e-05
1616938688.47633,17777,1.791044996934943e-05
1616938696.342919,17804,1.7910499082063325e-05
1616938701.389034,17822,1.7910457245307043e-05
1616938706.926517,17842,1.7910493625095114e-05
1616938737.725312,17953,1.7910464521264657e-05
1616938740.245023,17962,1.791041540855076e-05
1616938745.214036,17978,1.791047179722227e-05
1616938746.023754,17981,1.7910464521264657e-05
1616938748.496244,17990,1.7910431779455394e-05
1616938756.464623,18018,1.7910439055413008e-05
1616938765.989452,18052,1.791046634025406e-05
1616938766.266172,18053,1.7910448150360025e-05
1616938768.73717,18062,1.7910495444084518e-05
1616938769.558397,18065,1.791044087440241e-05
1616938780.342647,18104,1.7910448150360025e-05
1616938784.514817,18119,1.7910431779455394e-05
1616938787.354089,18129,1.7910428141476586e-05
1616938791.521559,18144,1.791042450349778e-05
1616938792.082152,18146,1.791042450349778e-05
1616938794.286403,18154,1.7910426322487183e-05
1616938798.68241,18170,1.7910433598444797e-05
1616938804.185015,18190,1.7910431779455394e-05
1616938810.719161,18214,1.7910408132593147e-05
1616938816.694906,18236,1.791040449461434e-05
1616938824.297053,18264,1.7910420865518972e-05
1616938827.565033,18276,1.7910413589561358e-05
1616938840.100953,18318,1.79103844857309e-05
1616938840.969715,18321,1.7910375390783884e-05
1616938852.67312,18362,1.7910380847752094e-05
1616938855.258224,18370,1.7910382666741498e-05
1616938877.97891,18451,1.7910380847752094e-05
1616938878.272872,18452,1.79103844857309e-05
1616938902.308853,18539,1.7910397218656726e-05
1616938904.517647,18547,1.7910386304720305e-05
1616938917.679416,18591,1.7910375390783884e-05
1616938917.948137,18592,1.791037357179448e-05
1616938932.314178,18643,1.7910360838868655e-05
1616938935.613343,18652,1.7910375390783884e-05
1616938950.800227,18703,1.7910377209773287e-05
1616938953.637687,18713,1.791036265785806e-05
1616938955.641835,18720,1.791037357179448e-05
1616938957.090454,18725,1.7910357200889848e-05
1616938963.951766,18749,1.7910364476847462e-05
1616938974.423049,18786,1.7910360838868655e-05
1616938979.32407,18803,1.791035356291104e-05
1616938991.268457,18845,1.7910359019879252e-05
1616939004.824522,18893,1.7910349924932234e-05
1616939005.381177,18895,1.7910357200889848e-05
1616939015.788509,18933,1.791034264897462e-05
1616939022.5151,18958,1.791034810594283e-05
1616939027.679207,18977,1.7910349924932234e-05
1616939029.034249,18982,1.791034264897462e-05
1616939030.422357,18987,1.791034810594283e-05
1616939035.479051,19005,1.7910344467964023e-05
1616939036.905638,19010,1.791034264897462e-05
1616939038.329092,19015,1.791034264897462e-05
1616939041.759266,19027,1.7910344467964023e-05
1616939047.997192,19048,1.791034264897462e-05
1616939061.16346,19095,1.7910339010995813e-05
1616939067.014203,19116,1.7910340829985216e-05
1616939077.203332,19153,1.7910340829985216e-05
1616939081.643891,19169,1.7910339010995813e-05
1616939091.185012,19203,1.791033719200641e-05
1616939094.253232,19214,1.791033719200641e-05
1616939097.80987,19227,1.791033719200641e-05
1616939107.888434,19264,1.7910335373017006e-05
1616939109.828801,19271,1.7910335373017006e-05
1616939110.931258,19275,1.7910335373017006e-05
1616939117.77092,19300,1.7910333554027602e-05
1616939124.875517,19326,1.7910333554027602e-05
1616939135.682737,19366,1.7910333554027602e-05
1616939146.65233,19407,1.7910333554027602e-05
1616939147.456134,19410,1.7910333554027602e-05
1616939148.79579,19415,1.7910333554027602e-05
1616939162.311189,19465,1.7910333554027602e-05
1616939167.802092,19485,1.7910333554027602e-05
1616939172.012613,19500,1.7910333554027602e-05
1616939172.855386,19503,1.7910333554027602e-05
1616939173.420115,19505,1.79103317350382e-05
1616939179.071202,19525,1.7910333554027602e-05
1616939180.740107,19531,1.7910333554027602e-05
1616939187.241556,19554,1.79103317350382e-05
1616939194.302497,19579,1.79103317350382e-05
1616939194.857326,19581,1.7910333554027602e-05
1616939198.423782,19594,1.79103317350382e-05
1616939204.510042,19615,1.7910333554027602e-05
1616939209.74142,19634,1.79103317350382e-05
1616939211.406821,19640,1.79103317350382e-05
1616939215.354895,19654,1.79103317350382e-05
1616939218.498908,19665,1.79103317350382e-05
1616939221.071516,19674,1.79103317350382e-05
1616939222.165445,19678,1.7910333554027602e-05
1616939234.02045,19720,1.79103317350382e-05
1616939236.010361,19727,1.7910333554027602e-05
1616939237.172186,19731,1.7910333554027602e-05
1616939238.747827,19736,1.7910333554027602e-05
1616939239.042199,19737,1.7910333554027602e-05
1616939251.292513,19777,1.79103317350382e-05
1616939257.379241,19796,1.7910333554027602e-05
1616939265.682761,19823,1.7910333554027602e-05
1616939272.197043,19846,1.7910333554027602e-05
1616939280.932113,19875,1.79103317350382e-05
1616939293.112561,19916,1.79103317350382e-05
1616939296.011786,19926,1.7910333554027602e-05
1616939299.478941,19938,1.7910333554027602e-05
1616939304.384629,19955,1.79103317350382e-05
1616939308.938273,19971,1.7910333554027602e-05
1616939311.227717,19979,1.7910333554027602e-05
1616939313.875251,19988,1.7910333554027602e-05
1616939316.130666,19995,1.7910333554027602e-05
1616939317.279117,19999,1.7910333554027602e-05
